train_loss,train_loss_loc,train_loss_str,val_loss,val_loss_loc,val_loss_str,best_val_loss,best_val_loss_loc,best_val_loss_str,best_epoch,epoch,timestamp,checkpoint_dir_name,done,training_iteration,trial_id,date,time_this_iter_s,time_total_s,pid,hostname,node_ip,time_since_restore,iterations_since_restore,config/lr,config/mpnn_hidden_dim,config/mpnn_num_layers,config/attn_num_heads,config/attn_num_layers,config/token_dim,config/pooling_strategy,config/weight_decay,config/dropout,config/mp_layer_norm,config/epochs,config/early_stop_patience,config/early_stop_min_delta,config/train_batch_size,config/val_batch_size,config/head_mlp_hidden_dim,config/gradient_clip_max_norm,config/scheduler,config/scheduler_min_lr,config/seed,config/device,config/train_path,config/val_path,config/num_output_sources,config/node_in_dim,config/edge_in_dim,logdir
0.013963462490164027,0.008911965462037279,0.005051496992760067,0.021328516252994537,0.016895578611850738,0.004432937641143799,0.021328516252994537,0.016895578611850738,0.004432937641143799,24,24,1771584540,,True,25,fn_4f1d3b54,2026-02-20_11-49-00,74.16559600830078,1817.3350040912628,1446873,compute4,130.149.110.149,1817.3350040912628,25,0.0008577602391859799,256,4,2,2,256,cls_token,0.0,0.1,False,120,40,1e-05,128,256,256,1.0,False,5e-06,0,cuda,/mnt/data/zaid/projects/simulated_data/step1.h5,/mnt/data/zaid/projects/simulated_data/validation.h5,1,6,6,4f1d3b54
0.004074352519303749,0.002414101491611498,0.0016602510232714158,0.009915422422885895,0.007840659657478332,0.0020747627654075624,0.008947030676960946,0.006995128528118133,0.0019519021488428115,105,119,1771590695,,True,120,fn_537ddf8d,2026-02-20_13-31-35,66.54581594467163,7966.678178548813,1447148,compute4,130.149.110.149,7966.678178548813,120,0.0006530989541936602,128,4,8,2,64,mean_pooling,0.0,0.1,False,120,40,1e-05,128,256,256,1.0,False,5e-06,0,cuda,/mnt/data/zaid/projects/simulated_data/step1.h5,/mnt/data/zaid/projects/simulated_data/validation.h5,1,6,6,537ddf8d
0.00824007251052351,0.005405737735519681,0.0028343348015288385,0.01319118400335312,0.009441161081790925,0.003750022921562195,0.011883249647378922,0.009563494715690613,0.002319754931688309,117,119,1771590581,,True,120,fn_f7c18259,2026-02-20_13-29-41,65.74605131149292,7847.65967297554,1447298,compute4,130.149.110.149,7847.65967297554,120,0.00010775428936393448,128,1,2,2,64,cls_token,0.0,0.1,False,120,40,1e-05,128,256,256,1.0,False,5e-06,0,cuda,/mnt/data/zaid/projects/simulated_data/step1.h5,/mnt/data/zaid/projects/simulated_data/validation.h5,1,6,6,f7c18259
0.014659324613741682,0.009869524242379997,0.004789800389045024,0.028054078289031982,0.02087021378517151,0.007183864503860474,0.023444915594816207,0.01944082664489746,0.004004088949918747,22,24,1771586143,,True,25,fn_9529970f,2026-02-20_12-15-43,64.23505330085754,1597.0477893352509,1459039,compute4,130.149.110.149,1597.0477893352509,25,0.00015958860710027525,64,4,4,8,64,mean_pooling,0.0,0.1,False,120,40,1e-05,128,256,256,1.0,False,5e-06,0,cuda,/mnt/data/zaid/projects/simulated_data/step1.h5,/mnt/data/zaid/projects/simulated_data/validation.h5,1,6,6,9529970f
0.00440334457067089,0.002776517556343652,0.001626827001064733,0.010602779297828675,0.008511447331666946,0.002091331966161728,0.008556852886974812,0.0066903817448616025,0.0018664711421132088,105,119,1771594063,,True,120,fn_4d783d5c,2026-02-20_14-27-43,65.64245128631592,7913.336325407028,1468226,compute4,130.149.110.149,7913.336325407028,120,0.001124774611929743,64,4,8,6,64,mean_pooling,0.0,0.1,False,120,40,1e-05,128,256,256,1.0,False,5e-06,0,cuda,/mnt/data/zaid/projects/simulated_data/step1.h5,/mnt/data/zaid/projects/simulated_data/validation.h5,1,6,6,4d783d5c
0.008964429992616554,0.006128369046587355,0.002836060960765315,0.01431562158203125,0.01129690078163147,0.0030187208003997802,0.013217268691539764,0.010737133091449738,0.0024801356000900268,46,49,1771593916,,True,50,fn_2845987c,2026-02-20_14-25-16,66.91881775856018,3329.1977829933167,1521535,compute4,130.149.110.149,3329.1977829933167,50,0.00019810290278153746,128,2,2,4,64,cls_token,0.0,0.1,False,120,40,1e-05,128,256,256,1.0,False,5e-06,0,cuda,/mnt/data/zaid/projects/simulated_data/step1.h5,/mnt/data/zaid/projects/simulated_data/validation.h5,1,6,6,2845987c
0.012592218580502497,0.00884683681298283,0.0037453817085752006,0.022024172254562376,0.01801263931655884,0.00401153293800354,0.02121346444416046,0.01753591073322296,0.0036775537109375,22,24,1771592386,,True,25,fn_9bf1ee33,2026-02-20_13-59-46,67.81518411636353,1685.9227883815765,1524251,compute4,130.149.110.149,1685.9227883815765,25,0.00017002942983089446,128,4,4,8,256,mean_pooling,0.0,0.1,False,120,40,1e-05,128,256,256,1.0,False,5e-06,0,cuda,/mnt/data/zaid/projects/simulated_data/step1.h5,/mnt/data/zaid/projects/simulated_data/validation.h5,1,6,6,9bf1ee33
0.005002496192302508,0.003080401977795306,0.0019220942204016484,0.012106421345233917,0.009823412612915038,0.0022830087323188783,0.010016748877525329,0.007871101239681244,0.002145647637844086,69,99,1771598891,,True,100,fn_bc00cecf,2026-02-20_15-48-11,67.43905901908875,6497.886689901352,1564056,compute4,130.149.110.149,6497.886689901352,100,0.0010197714424694368,64,3,4,6,128,mean_pooling,0.0,0.1,False,120,40,1e-05,128,256,256,1.0,False,5e-06,0,cuda,/mnt/data/zaid/projects/simulated_data/step1.h5,/mnt/data/zaid/projects/simulated_data/validation.h5,1,6,6,bc00cecf
0.012319264815577978,0.00833095750429585,0.003988307364332148,0.020948703525543212,0.017048312767028808,0.003900390758514404,0.020948703525543212,0.017048312767028808,0.003900390758514404,24,24,1771595734,,True,25,fn_67714e7d,2026-02-20_14-55-34,70.63647079467773,1813.3465843200684,1585918,compute4,130.149.110.149,1813.3465843200684,25,0.001464458219756228,256,4,2,4,64,cls_token,0.0,0.1,False,120,40,1e-05,128,256,256,1.0,False,5e-06,0,cuda,/mnt/data/zaid/projects/simulated_data/step1.h5,/mnt/data/zaid/projects/simulated_data/validation.h5,1,6,6,67714e7d
0.008172305442298515,0.0055716948766449965,0.0026006105317604505,0.01505417298412323,0.011314689520835877,0.0037394834632873534,0.012149374072551728,0.009889895342826843,0.002259478729724884,41,49,1771597337,,True,50,fn_986c0a00,2026-02-20_15-22-17,65.53176045417786,3267.991462469101,1586832,compute4,130.149.110.149,3267.991462469101,50,0.00035970071419464447,64,2,2,2,128,cls_token,0.0,0.1,False,120,40,1e-05,128,256,256,1.0,False,5e-06,0,cuda,/mnt/data/zaid/projects/simulated_data/step1.h5,/mnt/data/zaid/projects/simulated_data/validation.h5,1,6,6,986c0a00
0.05240752203743669,0.02210605660854261,0.030301465240271785,0.07096392723464966,0.04127531711769104,0.029688610116958617,0.07070771102142334,0.04060096088409424,0.0301067501373291,19,24,1771597454,,True,25,fn_9e0cf4b8,2026-02-20_15-24-14,67.70758938789368,1714.200513601303,1596289,compute4,130.149.110.149,1714.200513601303,25,0.0010438097481494943,256,2,4,8,256,cls_token,0.0,0.1,False,120,40,1e-05,128,256,256,1.0,False,5e-06,0,cuda,/mnt/data/zaid/projects/simulated_data/step1.h5,/mnt/data/zaid/projects/simulated_data/validation.h5,1,6,6,9e0cf4b8
0.0046323385189841445,0.0028066831195868456,0.0018256554067653569,0.009672237267434597,0.007521500867366791,0.0021507364000678065,0.00920429218184948,0.007201668204069138,0.002002623977780342,84,119,1771605886,,True,120,fn_3ecc5229,2026-02-20_17-44-46,71.82092261314392,8541.570383787155,1605421,compute4,130.149.110.149,8541.570383787155,120,0.0006176432002606602,256,3,8,8,64,cls_token,0.0,0.1,False,120,40,1e-05,128,256,256,1.0,False,5e-06,0,cuda,/mnt/data/zaid/projects/simulated_data/step1.h5,/mnt/data/zaid/projects/simulated_data/validation.h5,1,6,6,3ecc5229
0.008610232167323179,0.005826954980369044,0.0027832771604291246,0.01275978208053112,0.010364988978385925,0.002394793102145195,0.01275978208053112,0.010364988978385925,0.002394793102145195,49,49,1771600843,,True,50,fn_82c4abdf,2026-02-20_16-20-43,66.73766541481018,3382.692366838455,1606142,compute4,130.149.110.149,3382.692366838455,50,0.0002549187502760772,128,4,8,8,256,cls_token,0.0,0.1,False,120,40,1e-05,128,256,256,1.0,False,5e-06,0,cuda,/mnt/data/zaid/projects/simulated_data/step1.h5,/mnt/data/zaid/projects/simulated_data/validation.h5,1,6,6,82c4abdf
0.007427248561495467,0.004831437578519122,0.0025958109962388497,0.01323705964422226,0.010335082510471345,0.0029019771337509153,0.012033424243927003,0.009652163537979127,0.002381260705947876,48,49,1771602265,,True,50,fn_df39eb50,2026-02-20_16-44-25,65.89156246185303,3368.1612915992737,1614247,compute4,130.149.110.149,3368.1612915992737,50,0.0006956876882297654,256,2,4,8,64,cls_token,0.0,0.1,False,120,40,1e-05,128,256,256,1.0,False,5e-06,0,cuda,/mnt/data/zaid/projects/simulated_data/step1.h5,/mnt/data/zaid/projects/simulated_data/validation.h5,1,6,6,df39eb50
0.00489130426976311,0.0030412317881407806,0.00185007246393899,0.011504776167154313,0.009256761885643006,0.002248014281511307,0.010533737131178379,0.008399236640453339,0.0021345004907250406,98,99,1771607419,,True,100,fn_088748e0,2026-02-20_18-10-19,65.29962539672852,6569.402268886566,1625245,compute4,130.149.110.149,6569.402268886566,100,0.0008013156715057356,64,2,8,4,128,mean_pooling,0.0,0.1,False,120,40,1e-05,128,256,256,1.0,False,5e-06,0,cuda,/mnt/data/zaid/projects/simulated_data/step1.h5,/mnt/data/zaid/projects/simulated_data/validation.h5,1,6,6,088748e0
0.011558985879904107,0.0072628973947861525,0.004296088496906848,0.018080050575733184,0.014048311992168426,0.004031738583564758,0.01624071472597122,0.013336668171882629,0.0029040465540885927,42,49,1771605621,,True,50,fn_3c2aa997,2026-02-20_17-40-21,65.89215588569641,3349.8502745628357,1633290,compute4,130.149.110.149,3349.8502745628357,50,0.0008938111640691133,256,2,2,2,256,cls_token,0.0,0.1,False,120,40,1e-05,128,256,256,1.0,False,5e-06,0,cuda,/mnt/data/zaid/projects/simulated_data/step1.h5,/mnt/data/zaid/projects/simulated_data/validation.h5,1,6,6,3c2aa997
0.005447435133819339,0.0035559946311567027,0.0018914405107675002,0.012515171648979187,0.010355968661308288,0.0021592029876708984,0.00968999492442608,0.0077454807386398315,0.0019445141857862473,95,99,1771612215,,True,100,fn_b085311e,2026-02-20_19-30-15,64.15518546104431,6586.729231595993,1652177,compute4,130.149.110.149,6586.729231595993,100,0.00029053093767834014,64,4,8,4,128,cls_token,0.0,0.1,False,120,40,1e-05,128,256,256,1.0,False,5e-06,0,cuda,/mnt/data/zaid/projects/simulated_data/step1.h5,/mnt/data/zaid/projects/simulated_data/validation.h5,1,6,6,b085311e
0.004386501666747883,0.002596584369746756,0.0017899172704761164,0.009087575445055961,0.007110987913608551,0.0019765875314474105,0.008678006384134292,0.006768680469274521,0.0019093259148597718,108,119,1771614608,,True,120,fn_63fb9ad3,2026-02-20_20-10-08,70.1930022239685,8716.199807882309,1653702,compute4,130.149.110.149,8716.199807882309,120,0.00022581816993308055,256,4,4,2,128,cls_token,0.0,0.1,False,120,40,1e-05,128,256,256,1.0,False,5e-06,0,cuda,/mnt/data/zaid/projects/simulated_data/step1.h5,/mnt/data/zaid/projects/simulated_data/validation.h5,1,6,6,63fb9ad3
0.007077424952029427,0.004531537082423515,0.002545887872553136,0.014624911483287812,0.01186935524559021,0.0027555562376976013,0.01184316181731224,0.00920589086008072,0.0026372709572315216,43,49,1771610704,,True,50,fn_25e5bd40,2026-02-20_19-05-04,62.5517361164093,3278.9408147335052,1662368,compute4,130.149.110.149,3278.9408147335052,50,0.0005987205374068185,64,3,4,6,256,cls_token,0.0,0.1,False,120,40,1e-05,128,256,256,1.0,False,5e-06,0,cuda,/mnt/data/zaid/projects/simulated_data/step1.h5,/mnt/data/zaid/projects/simulated_data/validation.h5,1,6,6,25e5bd40
0.011938772706574277,0.00843993621536448,0.00349883644994867,0.0204296136136055,0.016115583367347718,0.004314030246257782,0.01982926259613037,0.016349385092258452,0.003479877503871918,20,24,1771612337,,True,25,fn_4e2e5d7c,2026-02-20_19-32-17,68.25250720977783,1627.6951949596405,1680870,compute4,130.149.110.149,1627.6951949596405,25,0.0002176840898271133,64,2,4,6,128,mean_pooling,0.0,0.1,False,120,40,1e-05,128,256,256,1.0,False,5e-06,0,cuda,/mnt/data/zaid/projects/simulated_data/step1.h5,/mnt/data/zaid/projects/simulated_data/validation.h5,1,6,6,4e2e5d7c
0.008371546805565115,0.005503651108356971,0.0028678957620470583,0.016380872977256773,0.012496862307548522,0.0038840106697082518,0.013405288078546525,0.010780840654373168,0.002624447424173355,48,49,1771615503,,True,50,fn_62cfbcf8,2026-02-20_20-25-03,64.8921868801117,3281.6708533763885,1689460,compute4,130.149.110.149,3281.6708533763885,50,0.0014004439688121166,128,1,8,6,64,mean_pooling,0.0,0.1,False,120,40,1e-05,128,256,256,1.0,False,5e-06,0,cuda,/mnt/data/zaid/projects/simulated_data/step1.h5,/mnt/data/zaid/projects/simulated_data/validation.h5,1,6,6,62cfbcf8
0.003885943728463748,0.0021930428154035646,0.0016929009182178238,0.01014665317595005,0.007823345766067505,0.0023233074098825456,0.008860603135704994,0.0068425909073352815,0.002018012228369713,85,119,1771620360,,True,120,fn_b7f3b17f,2026-02-20_21-46-00,66.15563201904297,8016.196731805801,1690204,compute4,130.149.110.149,8016.196731805801,120,0.0004876166624296634,128,4,8,6,64,mean_pooling,0.0,0.1,False,120,40,1e-05,128,256,256,1.0,False,5e-06,0,cuda,/mnt/data/zaid/projects/simulated_data/step1.h5,/mnt/data/zaid/projects/simulated_data/validation.h5,1,6,6,b7f3b17f
0.0039626446234274516,0.0023946964839190433,0.001567948108562563,0.010111357415676116,0.007872055758476257,0.0022393016571998596,0.00890518248412013,0.0070491316843032835,0.0018560507998168468,113,119,1771622568,,True,120,fn_c3f790f5,2026-02-20_22-22-48,65.13494992256165,7954.311554908752,1702982,compute4,130.149.110.149,7954.311554908752,120,0.0012510717531593115,128,4,8,6,64,mean_pooling,0.0,0.1,False,120,40,1e-05,128,256,256,1.0,False,5e-06,0,cuda,/mnt/data/zaid/projects/simulated_data/step1.h5,/mnt/data/zaid/projects/simulated_data/validation.h5,1,6,6,c3f790f5
0.013109611842451217,0.008124739851189566,0.004984872070836682,0.01888606765317917,0.015233282104969024,0.003652785548210144,0.01888606765317917,0.015233282104969024,0.003652785548210144,24,24,1771617141,,True,25,fn_053ebc6a,2026-02-20_20-52-21,66.2259168624878,1632.0932142734528,1708129,compute4,130.149.110.149,1632.0932142734528,25,0.0001185625661954698,256,1,4,2,128,mean_pooling,0.0,0.1,False,120,40,1e-05,128,256,256,1.0,False,5e-06,0,cuda,/mnt/data/zaid/projects/simulated_data/step1.h5,/mnt/data/zaid/projects/simulated_data/validation.h5,1,6,6,053ebc6a
0.009674542259330614,0.006545150139710948,0.0031293920621488103,0.019540155673265457,0.0147473712348938,0.004792784438371658,0.017776177066087723,0.014334679385185243,0.003441497680902481,23,24,1771618971,,True,25,fn_f5031d1f,2026-02-20_21-22-51,71.68078899383545,1823.3857700824738,1717468,compute4,130.149.110.149,1823.3857700824738,25,0.00033161722528300615,256,4,8,6,128,mean_pooling,0.0,0.1,False,120,40,1e-05,128,256,256,1.0,False,5e-06,0,cuda,/mnt/data/zaid/projects/simulated_data/step1.h5,/mnt/data/zaid/projects/simulated_data/validation.h5,1,6,6,f5031d1f
0.007201308973982364,0.0048727300283322224,0.002328578920598743,0.012493881816864014,0.010203960206985474,0.00228992160987854,0.012007690515518189,0.009734492153167724,0.002273198362350464,34,49,1771622260,,True,50,fn_bee976c4,2026-02-20_22-17-40,66.8512053489685,3283.0864663124084,1727769,compute4,130.149.110.149,3283.0864663124084,50,0.00045538148010660436,64,4,4,2,128,mean_pooling,0.0,0.1,False,120,40,1e-05,128,256,256,1.0,False,5e-06,0,cuda,/mnt/data/zaid/projects/simulated_data/step1.h5,/mnt/data/zaid/projects/simulated_data/validation.h5,1,6,6,bee976c4
0.005097314615179843,0.003242983235211312,0.0018543314028095124,0.011991130320072175,0.009502381712913514,0.002488748607158661,0.009817497518539428,0.007810870392799377,0.002006627125740051,81,99,1771626927,,True,100,fn_1a4f00b5,2026-02-20_23-35-27,70.55185842514038,6560.054478168488,1735645,compute4,130.149.110.149,6560.054478168488,100,0.00047504001770932373,64,3,4,6,128,mean_pooling,0.0,0.1,False,120,40,1e-05,128,256,256,1.0,False,5e-06,0,cuda,/mnt/data/zaid/projects/simulated_data/step1.h5,/mnt/data/zaid/projects/simulated_data/validation.h5,1,6,6,1a4f00b5
0.012084638629155823,0.007665524094165126,0.0044191146175129505,0.01939826323056221,0.014993924513339996,0.004404338717222214,0.019393761925458906,0.015384678293704986,0.004009083631753922,21,24,1771623907,,True,25,fn_e8f085a7,2026-02-20_22-45-07,64.70358872413635,1641.8342220783234,1746456,compute4,130.149.110.149,1641.8342220783234,25,0.00016039188207669154,256,1,8,2,128,cls_token,0.0,0.1,False,120,40,1e-05,128,256,256,1.0,False,5e-06,0,cuda,/mnt/data/zaid/projects/simulated_data/step1.h5,/mnt/data/zaid/projects/simulated_data/validation.h5,1,6,6,e8f085a7
0.012714693240255495,0.008373616463681566,0.00434107683846562,0.01969696813726425,0.015121686246395111,0.00457528189086914,0.01969696813726425,0.015121686246395111,0.00457528189086914,24,24,1771624385,,True,25,fn_26d3f99a,2026-02-20_22-53-05,71.53072428703308,1810.2178287506104,1748287,compute4,130.149.110.149,1810.2178287506104,25,0.0001326860511634907,256,4,8,2,64,cls_token,0.0,0.1,False,120,40,1e-05,128,256,256,1.0,False,5e-06,0,cuda,/mnt/data/zaid/projects/simulated_data/step1.h5,/mnt/data/zaid/projects/simulated_data/validation.h5,1,6,6,26d3f99a
0.011140325725597294,0.007679941639587094,0.003460384065379636,0.020498327241420745,0.016815780780792235,0.0036825464606285094,0.0185828747651577,0.015393647211551667,0.003189227553606033,23,24,1771625572,,True,25,fn_2febbdae,2026-02-20_23-12-52,67.57989454269409,1658.9786310195923,1755860,compute4,130.149.110.149,1658.9786310195923,25,0.0002522458776012407,64,4,4,6,128,mean_pooling,0.0,0.1,False,120,40,1e-05,128,256,256,1.0,False,5e-06,0,cuda,/mnt/data/zaid/projects/simulated_data/step1.h5,/mnt/data/zaid/projects/simulated_data/validation.h5,1,6,6,2febbdae
0.004689245841383368,0.002695180774854991,0.001994065061370736,0.010016033999204636,0.0074790836186409,0.002536950380563736,0.009244068893551826,0.007193517868995666,0.00205055102455616,95,99,1771631660,,True,100,fn_0d2a4450,2026-02-21_00-54-20,73.2220983505249,7268.238978624344,1758624,compute4,130.149.110.149,7268.238978624344,100,0.00039930863704961246,256,4,8,2,64,cls_token,0.0,0.1,False,120,40,1e-05,128,256,256,1.0,False,5e-06,0,cuda,/mnt/data/zaid/projects/simulated_data/step1.h5,/mnt/data/zaid/projects/simulated_data/validation.h5,1,6,6,0d2a4450
0.007831315845958416,0.005262333221875037,0.0025689826226097685,0.013125233103513718,0.010769871734142303,0.0023553613693714144,0.012679839883565903,0.010260813952922821,0.0024190259306430817,44,49,1771628833,,True,50,fn_0d379097,2026-02-21_00-07-13,65.21655058860779,3255.792315721512,1765381,compute4,130.149.110.149,3255.792315721512,50,0.00029579002677438743,64,4,2,2,128,mean_pooling,0.0,0.1,False,120,40,1e-05,128,256,256,1.0,False,5e-06,0,cuda,/mnt/data/zaid/projects/simulated_data/step1.h5,/mnt/data/zaid/projects/simulated_data/validation.h5,1,6,6,0d379097
0.012516898904703085,0.007923553391253646,0.0045933454957661,0.018862742184638976,0.014630869398117065,0.004231872786521911,0.01861879136323929,0.01433471108007431,0.0042840802831649785,22,24,1771628529,,True,25,fn_adff9358,2026-02-21_00-02-09,64.28918433189392,1596.4804418087006,1773007,compute4,130.149.110.149,1596.4804418087006,25,0.00018329397917369165,256,1,4,2,64,cls_token,0.0,0.1,False,120,40,1e-05,128,256,256,1.0,False,5e-06,0,cuda,/mnt/data/zaid/projects/simulated_data/step1.h5,/mnt/data/zaid/projects/simulated_data/validation.h5,1,6,6,adff9358
0.013239025397674192,0.00865957123828651,0.004579454180018245,0.022217054771900176,0.016959803245067597,0.00525725152683258,0.020546980818748475,0.016738905636787413,0.0038080751819610597,22,24,1771630175,,True,25,fn_06cfbca5,2026-02-21_00-29-35,70.50075340270996,1640.3273956775665,1782130,compute4,130.149.110.149,1640.3273956775665,25,0.0001379987614196202,64,4,8,4,256,mean_pooling,0.0,0.1,False,120,40,1e-05,128,256,256,1.0,False,5e-06,0,cuda,/mnt/data/zaid/projects/simulated_data/step1.h5,/mnt/data/zaid/projects/simulated_data/validation.h5,1,6,6,06cfbca5
0.008268951868661974,0.005323466140470362,0.002945485681036039,0.01408571458208561,0.01121999334192276,0.0028657212401628496,0.013151682671785354,0.010657944920539855,0.0024937377512454987,40,49,1771632422,,True,50,fn_004f76b3,2026-02-21_01-07-02,71.95647621154785,3582.9554104804993,1783943,compute4,130.149.110.149,3582.9554104804993,50,0.00022304317992460419,256,4,2,6,64,cls_token,0.0,0.1,False,120,40,1e-05,128,256,256,1.0,False,5e-06,0,cuda,/mnt/data/zaid/projects/simulated_data/step1.h5,/mnt/data/zaid/projects/simulated_data/validation.h5,1,6,6,004f76b3
0.0044266322327046834,0.002826160015950946,0.001600472234437077,0.010193875638723373,0.008174888383388519,0.0020189872553348543,0.00872919843864441,0.006937017729759216,0.001792180708885193,108,119,1771637921,,True,120,fn_19a3b014,2026-02-21_02-38-41,65.78320646286011,7739.145318984985,1791467,compute4,130.149.110.149,7739.145318984985,120,0.0005370636160774037,64,3,4,2,64,mean_pooling,0.0,0.1,False,120,40,1e-05,128,256,256,1.0,False,5e-06,0,cuda,/mnt/data/zaid/projects/simulated_data/step1.h5,/mnt/data/zaid/projects/simulated_data/validation.h5,1,6,6,19a3b014
0.019611323358420328,0.00868783191530199,0.010923491331123853,0.026230124537467956,0.01640173581600189,0.009828388721466064,0.026230124537467956,0.01640173581600189,0.009828388721466064,24,24,1771633496,,True,25,fn_77e8b37b,2026-02-21_01-24-56,73.03002190589905,1829.992136478424,1799784,compute4,130.149.110.149,1829.992136478424,25,0.0001000341649649697,256,4,4,6,128,cls_token,0.0,0.1,False,120,40,1e-05,128,256,256,1.0,False,5e-06,0,cuda,/mnt/data/zaid/projects/simulated_data/step1.h5,/mnt/data/zaid/projects/simulated_data/validation.h5,1,6,6,77e8b37b
0.008309569274652985,0.0056880626096567025,0.0026215066620490597,0.013693464027404786,0.011035414940834045,0.0026580490865707397,0.012798095938324929,0.010408172278404236,0.0023899236599206923,43,49,1771635732,,True,50,fn_f033a321,2026-02-21_02-02-12,66.17923641204834,3303.6163742542267,1804141,compute4,130.149.110.149,3303.6163742542267,50,0.0003958654311210388,128,1,2,4,64,mean_pooling,0.0,0.1,False,120,40,1e-05,128,256,256,1.0,False,5e-06,0,cuda,/mnt/data/zaid/projects/simulated_data/step1.h5,/mnt/data/zaid/projects/simulated_data/validation.h5,1,6,6,f033a321
0.006233464631758914,0.003850111351761071,0.002383353288839512,0.011127291592121124,0.00848337987613678,0.0026439117159843444,0.009542064402580262,0.007496991048336029,0.002045073354244232,97,99,1771640146,,True,100,fn_6b9bca38,2026-02-21_03-15-46,64.46187973022461,6643.79955124855,1810224,compute4,130.149.110.149,6643.79955124855,100,0.001115711061037349,64,4,8,2,256,cls_token,0.0,0.1,False,120,40,1e-05,128,256,256,1.0,False,5e-06,0,cuda,/mnt/data/zaid/projects/simulated_data/step1.h5,/mnt/data/zaid/projects/simulated_data/validation.h5,1,6,6,6b9bca38
0.005308726905621117,0.0033240785050099786,0.0019846483895590507,0.011031974981665612,0.008823243403434754,0.002208731578230858,0.01003672181391716,0.008052801735401153,0.0019839200785160063,94,99,1771642821,,True,100,fn_361bc842,2026-02-21_04-00-21,70.82436943054199,7082.963999986649,1822975,compute4,130.149.110.149,7082.963999986649,100,0.0007547397273885111,256,3,4,8,128,mean_pooling,0.0,0.1,False,120,40,1e-05,128,256,256,1.0,False,5e-06,0,cuda,/mnt/data/zaid/projects/simulated_data/step1.h5,/mnt/data/zaid/projects/simulated_data/validation.h5,1,6,6,361bc842
0.005059003667858771,0.003256487418437683,0.0018025162508946996,0.011475124994277955,0.00947840644645691,0.001996718547821045,0.00874321249639988,0.006828760245561599,0.0019144522508382797,107,119,1771645792,,True,120,fn_ce032336,2026-02-21_04-49-52,67.18690347671509,7863.808073282242,1835342,compute4,130.149.110.149,7863.808073282242,120,0.000902460838518293,64,4,2,6,64,cls_token,0.0,0.1,False,120,40,1e-05,128,256,256,1.0,False,5e-06,0,cuda,/mnt/data/zaid/projects/simulated_data/step1.h5,/mnt/data/zaid/projects/simulated_data/validation.h5,1,6,6,ce032336
0.013786177610671973,0.008058006161988913,0.005728171442788613,0.020289396366119386,0.015360664620399474,0.00492873174571991,0.020289396366119386,0.015360664620399474,0.00492873174571991,24,24,1771641844,,True,25,fn_ee942c6f,2026-02-21_03-44-04,66.02604532241821,1692.2132363319397,1847904,compute4,130.149.110.149,1692.2132363319397,25,0.00013997930336241484,128,4,8,4,256,cls_token,0.0,0.1,False,120,40,1e-05,128,256,256,1.0,False,5e-06,0,cuda,/mnt/data/zaid/projects/simulated_data/step1.h5,/mnt/data/zaid/projects/simulated_data/validation.h5,1,6,6,ee942c6f
0.011454052586532846,0.007890277341762675,0.0035637752270868306,0.020888956089019774,0.014650179832458496,0.00623877625656128,0.019046747796535493,0.01565816966342926,0.0033885781331062315,23,24,1771643676,,True,25,fn_025db008,2026-02-21_04-14-36,71.71580195426941,1826.7250366210938,1857514,compute4,130.149.110.149,1826.7250366210938,25,0.00018660329547115191,256,4,4,8,64,mean_pooling,0.0,0.1,False,120,40,1e-05,128,256,256,1.0,False,5e-06,0,cuda,/mnt/data/zaid/projects/simulated_data/step1.h5,/mnt/data/zaid/projects/simulated_data/validation.h5,1,6,6,025db008
0.008140784947649587,0.005463037881528652,0.0026777471014876155,0.012746330897092819,0.010364788527488709,0.0023815423696041107,0.012269312477588654,0.010034273409843445,0.0022350390677452086,44,49,1771646109,,True,50,fn_c8e6b6ff,2026-02-21_04-55-09,68.18565964698792,3281.7008833885193,1863023,compute4,130.149.110.149,3281.7008833885193,50,0.0003411263387650982,64,2,8,2,128,cls_token,0.0,0.1,False,120,40,1e-05,128,256,256,1.0,False,5e-06,0,cuda,/mnt/data/zaid/projects/simulated_data/step1.h5,/mnt/data/zaid/projects/simulated_data/validation.h5,1,6,6,c8e6b6ff
0.01192036841677714,0.00808995438126635,0.003830414047299684,0.025804495037555695,0.021956070039749146,0.0038484249978065492,0.02061524111366272,0.017668130088806154,0.0029471110248565674,22,24,1771645475,,True,25,fn_8b1bc10e,2026-02-21_04-44-35,70.89103889465332,1792.711713552475,1867883,compute4,130.149.110.149,1792.711713552475,25,0.0002553377162902845,256,3,4,8,64,mean_pooling,0.0,0.1,False,120,40,1e-05,128,256,256,1.0,False,5e-06,0,cuda,/mnt/data/zaid/projects/simulated_data/step1.h5,/mnt/data/zaid/projects/simulated_data/validation.h5,1,6,6,8b1bc10e
0.008017676452151205,0.0053019740978326605,0.0027157023528449334,0.013853967923164368,0.009562466696262359,0.004291501226902008,0.012010471911549568,0.009506518990039825,0.002503952921509743,46,49,1771648747,,True,50,fn_15f5d24b,2026-02-21_05-39-07,64.5477409362793,3265.9172129631042,1878094,compute4,130.149.110.149,3265.9172129631042,50,0.0002972039015494356,64,1,2,6,128,cls_token,0.0,0.1,False,120,40,1e-05,128,256,256,1.0,False,5e-06,0,cuda,/mnt/data/zaid/projects/simulated_data/step1.h5,/mnt/data/zaid/projects/simulated_data/validation.h5,1,6,6,15f5d24b
0.007777386032563599,0.005274190481964357,0.002503195499022833,0.012433200129270553,0.009936432786941528,0.0024967673423290254,0.012433200129270553,0.009936432786941528,0.0024967673423290254,49,49,1771649126,,True,50,fn_c32c6c29,2026-02-21_05-45-26,65.77923583984375,3327.007969379425,1879965,compute4,130.149.110.149,3327.007969379425,50,0.00022004096816562112,128,4,8,4,256,cls_token,0.0,0.1,False,120,40,1e-05,128,256,256,1.0,False,5e-06,0,cuda,/mnt/data/zaid/projects/simulated_data/step1.h5,/mnt/data/zaid/projects/simulated_data/validation.h5,1,6,6,c32c6c29
0.010707646519935962,0.0071649590471783015,0.0035426874639159895,0.01809214920949936,0.01380297142791748,0.004289177781581879,0.017434755278110503,0.014093989853858948,0.0033407654242515565,23,24,1771647807,,True,25,fn_1676df4f,2026-02-21_05-23-27,66.19577527046204,1691.4972579479218,1881801,compute4,130.149.110.149,1691.4972579479218,25,0.0014853856952578503,256,2,4,2,64,mean_pooling,0.0,0.1,False,120,40,1e-05,128,256,256,1.0,False,5e-06,0,cuda,/mnt/data/zaid/projects/simulated_data/step1.h5,/mnt/data/zaid/projects/simulated_data/validation.h5,1,6,6,1676df4f
0.004847804815331592,0.003055708450442062,0.001792096398782598,0.009747975842952727,0.007744528374671936,0.0020034474682807924,0.009747975842952727,0.007744528374671936,0.0020034474682807924,99,99,1771654409,,True,100,fn_a074463d,2026-02-21_07-13-29,64.90589237213135,6595.470675468445,1891472,compute4,130.149.110.149,6595.470675468445,100,0.0005774120699042678,64,4,8,6,128,cls_token,0.0,0.1,False,120,40,1e-05,128,256,256,1.0,False,5e-06,0,cuda,/mnt/data/zaid/projects/simulated_data/step1.h5,/mnt/data/zaid/projects/simulated_data/validation.h5,1,6,6,a074463d
0.007325477892226434,0.004779610856542293,0.002545867054841092,0.012547445385932922,0.00986703255033493,0.002680412835597992,0.01180080882525444,0.009363173131465912,0.0024376356937885284,46,49,1771652330,,True,50,fn_3581d35f,2026-02-21_06-38-50,71.51732277870178,3576.5948066711426,1896872,compute4,130.149.110.149,3576.5948066711426,50,0.0006625630450684669,256,3,4,8,256,mean_pooling,0.0,0.1,False,120,40,1e-05,128,256,256,1.0,False,5e-06,0,cuda,/mnt/data/zaid/projects/simulated_data/step1.h5,/mnt/data/zaid/projects/simulated_data/validation.h5,1,6,6,3581d35f
0.008016507253286582,0.005328819874815548,0.002687687371102975,0.014124349111080169,0.010823889107704163,0.0033004600033760072,0.011946582982301711,0.009609083540916443,0.0023374994413852693,45,49,1771652391,,True,50,fn_f5235727,2026-02-21_06-39-51,64.35674834251404,3259.8118250370026,1899091,compute4,130.149.110.149,3259.8118250370026,50,0.00041963419269151124,128,2,2,2,64,cls_token,0.0,0.1,False,120,40,1e-05,128,256,256,1.0,False,5e-06,0,cuda,/mnt/data/zaid/projects/simulated_data/step1.h5,/mnt/data/zaid/projects/simulated_data/validation.h5,1,6,6,f5235727
0.0031094659102161096,0.0017680246441896203,0.0013414412564480135,0.009435334953665733,0.007435949420452118,0.0019993855332136154,0.008591386583209038,0.006720235834121704,0.0018711507490873336,105,119,1771660189,,True,120,fn_2b872bc4,2026-02-21_08-49-49,64.35887026786804,7853.265954256058,1917157,compute4,130.149.110.149,7853.265954256058,120,0.00128976454260857,64,4,8,6,128,mean_pooling,0.0,0.1,False,120,40,1e-05,128,256,256,1.0,False,5e-06,0,cuda,/mnt/data/zaid/projects/simulated_data/step1.h5,/mnt/data/zaid/projects/simulated_data/validation.h5,1,6,6,2b872bc4
0.014976908228819884,0.009643169956965536,0.005333738260065453,0.02304565683102608,0.018268995882034303,0.004776660948991775,0.02262865744972229,0.018435714639663696,0.004192942810058594,22,24,1771654017,,True,25,fn_f4a4a9be,2026-02-21_07-06-57,65.03763604164124,1620.2485074996948,1917574,compute4,130.149.110.149,1620.2485074996948,25,0.0001133151222316949,256,1,4,4,64,cls_token,0.0,0.1,False,120,40,1e-05,128,256,256,1.0,False,5e-06,0,cuda,/mnt/data/zaid/projects/simulated_data/step1.h5,/mnt/data/zaid/projects/simulated_data/validation.h5,1,6,6,f4a4a9be
0.006280438473471735,0.004085280257571913,0.002195158220320657,0.012517627987146377,0.009773546218395233,0.0027440817687511446,0.011781662193775176,0.009492344626903534,0.002289317566871643,39,49,1771657330,,True,50,fn_57eea6da,2026-02-21_08-02-10,67.6657338142395,3305.896681547165,1926869,compute4,130.149.110.149,3305.896681547165,50,0.0009491833056348885,64,4,8,6,128,mean_pooling,0.0,0.1,False,120,40,1e-05,128,256,256,1.0,False,5e-06,0,cuda,/mnt/data/zaid/projects/simulated_data/step1.h5,/mnt/data/zaid/projects/simulated_data/validation.h5,1,6,6,57eea6da
0.00537852410380316,0.003287315430544034,0.0020912086688382905,0.009569160838484764,0.007357489533901215,0.0022116713045835495,0.009540489573836327,0.0073480523543357846,0.0021924372195005416,92,99,1771661015,,True,100,fn_bb92401d,2026-02-21_09-03-35,65.64625668525696,6600.3025686740875,1929147,compute4,130.149.110.149,6600.3025686740875,100,0.0007897465213411811,128,4,4,2,256,cls_token,0.0,0.1,False,120,40,1e-05,128,256,256,1.0,False,5e-06,0,cuda,/mnt/data/zaid/projects/simulated_data/step1.h5,/mnt/data/zaid/projects/simulated_data/validation.h5,1,6,6,bb92401d
0.012536092967832391,0.008306917628344101,0.004229175360118852,0.023906437019348144,0.01635050330686569,0.007555933712482452,0.01967055841445923,0.01563176323032379,0.004038795184135437,23,24,1771659046,,True,25,fn_aa740906,2026-02-21_08-30-46,68.04431867599487,1711.0955460071564,1945747,compute4,130.149.110.149,1711.0955460071564,25,0.0001511202801128501,256,2,8,8,128,mean_pooling,0.0,0.1,False,120,40,1e-05,128,256,256,1.0,False,5e-06,0,cuda,/mnt/data/zaid/projects/simulated_data/step1.h5,/mnt/data/zaid/projects/simulated_data/validation.h5,1,6,6,aa740906
0.005195480877462822,0.0032239643417746773,0.001971516520952028,0.011301992510318756,0.007504920786380768,0.003797071723937988,0.009306686261713505,0.0073714080214500426,0.001935278240263462,97,99,1771665632,,True,100,fn_4b0768b3,2026-02-21_10-20-32,65.82886624336243,6579.596610784531,1955500,compute4,130.149.110.149,6579.596610784531,100,0.0005237074193000054,64,3,2,6,64,cls_token,0.0,0.1,False,120,40,1e-05,128,256,256,1.0,False,5e-06,0,cuda,/mnt/data/zaid/projects/simulated_data/step1.h5,/mnt/data/zaid/projects/simulated_data/validation.h5,1,6,6,4b0768b3
0.005351564457899407,0.003301199357602981,0.0020503650752450283,0.011710639863491058,0.009092109268665313,0.0026185305948257446,0.01055960861825943,0.008472168265819549,0.0020874403524398805,73,99,1771667431,,True,100,fn_785a8799,2026-02-21_10-50-31,72.78725981712341,7235.449406385422,1962024,compute4,130.149.110.149,7235.449406385422,100,0.001119473910542226,256,4,4,2,128,mean_pooling,0.0,0.1,False,120,40,1e-05,128,256,256,1.0,False,5e-06,0,cuda,/mnt/data/zaid/projects/simulated_data/step1.h5,/mnt/data/zaid/projects/simulated_data/validation.h5,1,6,6,785a8799
0.005305247396065653,0.0034195404069474605,0.0018857069743820761,0.011193490055799483,0.008965742524147034,0.0022277475316524508,0.00958475487291813,0.007369711422920227,0.002215043449997902,96,99,1771667623,,True,100,fn_c521cc8b,2026-02-21_10-53-43,69.29417276382446,6601.195823431015,1966766,compute4,130.149.110.149,6601.195823431015,100,0.0013840065896631455,64,4,8,6,64,mean_pooling,0.0,0.1,False,120,40,1e-05,128,256,256,1.0,False,5e-06,0,cuda,/mnt/data/zaid/projects/simulated_data/step1.h5,/mnt/data/zaid/projects/simulated_data/validation.h5,1,6,6,c521cc8b
0.007817944382093375,0.005105570801592703,0.0027123735790270604,0.01570947575855255,0.012625560577392577,0.0030839151811599733,0.01219152218914032,0.009828494444847107,0.0023630277442932127,47,49,1771668954,,True,50,fn_b209942b,2026-02-21_11-15-54,66.14568209648132,3316.246327638626,1992667,compute4,130.149.110.149,3316.246327638626,50,0.00125503158252157,64,1,8,6,128,mean_pooling,0.0,0.1,False,120,40,1e-05,128,256,256,1.0,False,5e-06,0,cuda,/mnt/data/zaid/projects/simulated_data/step1.h5,/mnt/data/zaid/projects/simulated_data/validation.h5,1,6,6,b209942b
0.062486725328843806,0.027518102875615978,0.03496862242965004,0.09003142078590393,0.05543863556480408,0.034592785221099855,0.09001581196212768,0.05542139594459534,0.034594416017532346,16,24,1771669078,,True,25,fn_5520cc37,2026-02-21_11-17-58,65.67755579948425,1640.703069448471,2002858,compute4,130.149.110.149,1640.703069448471,25,0.001223091525327455,64,4,8,6,256,mean_pooling,0.0,0.1,False,120,40,1e-05,128,256,256,1.0,False,5e-06,0,cuda,/mnt/data/zaid/projects/simulated_data/step1.h5,/mnt/data/zaid/projects/simulated_data/validation.h5,1,6,6,5520cc37
0.005189087851963277,0.0033983104918269983,0.0017907773623466964,0.011090717510938644,0.008979602860450745,0.0021111146504879,0.010014957956194878,0.007843557245731353,0.002171400710463524,85,99,1771674151,,True,100,fn_5df88b92,2026-02-21_12-42-31,63.87645125389099,6521.429198503494,2003996,compute4,130.149.110.149,6521.429198503494,100,0.001018064061125878,64,2,8,6,64,mean_pooling,0.0,0.1,False,120,40,1e-05,128,256,256,1.0,False,5e-06,0,cuda,/mnt/data/zaid/projects/simulated_data/step1.h5,/mnt/data/zaid/projects/simulated_data/validation.h5,1,6,6,5df88b92
0.004039709052495375,0.002347395416419906,0.0016923136331282462,0.012944650242567062,0.010763942730903626,0.002180707511663437,0.009521597784757614,0.007482151300907135,0.002039446483850479,49,89,1771674907,,False,90,fn_33c8d637,2026-02-21_12-55-07,68.51682257652283,5947.66188621521,2011612,compute4,130.149.110.149,5947.66188621521,90,0.000859773680585968,64,4,8,6,128,mean_pooling,0.0,0.1,False,120,40,1e-05,128,256,256,1.0,False,5e-06,0,cuda,/mnt/data/zaid/projects/simulated_data/step1.h5,/mnt/data/zaid/projects/simulated_data/validation.h5,1,6,6,33c8d637
0.007073384550506178,0.004754871687014835,0.0023185128752802367,0.015230385781466961,0.012819950094223022,0.0024104356872439382,0.012100130710601807,0.009447413188934327,0.0026527175216674807,47,49,1771672331,,True,50,fn_ac255fab,2026-02-21_12-12-11,66.54600429534912,3247.518206834793,2012399,compute4,130.149.110.149,3247.518206834793,50,0.0007199409418544583,64,3,8,6,128,mean_pooling,0.0,0.1,False,120,40,1e-05,128,256,256,1.0,False,5e-06,0,cuda,/mnt/data/zaid/projects/simulated_data/step1.h5,/mnt/data/zaid/projects/simulated_data/validation.h5,1,6,6,ac255fab
0.005042534377543798,0.0033152849749437992,0.0017272494048104162,0.009540377191901208,0.007509072959899902,0.0020313042320013047,0.008417605983376503,0.006488708805084229,0.0019288971782922746,96,119,1771680252,,True,120,fn_bda514be,2026-02-21_14-24-12,63.68795824050903,7914.228752851486,2030848,compute4,130.149.110.149,7914.228752851486,120,0.0013466307776905967,64,4,8,6,64,mean_pooling,0.0,0.1,False,120,40,1e-05,128,256,256,1.0,False,5e-06,0,cuda,/mnt/data/zaid/projects/simulated_data/step1.h5,/mnt/data/zaid/projects/simulated_data/validation.h5,1,6,6,bda514be
0.011340008046525189,0.007669731797768345,0.0036702762487568433,0.021697800713539123,0.018432744589805605,0.0032650561237335205,0.01856792532157898,0.014487294211387634,0.004080631110191345,23,24,1771675780,,True,25,fn_5ef5b622,2026-02-21_13-09-40,64.56299710273743,1623.144773721695,2041250,compute4,130.149.110.149,1623.144773721695,25,0.00024192243103218316,64,4,8,6,128,mean_pooling,0.0,0.1,False,120,40,1e-05,128,256,256,1.0,False,5e-06,0,cuda,/mnt/data/zaid/projects/simulated_data/step1.h5,/mnt/data/zaid/projects/simulated_data/validation.h5,1,6,6,5ef5b622
0.012915508974862249,0.00880671761151922,0.004108791363343031,0.020920406827926636,0.016740602291107177,0.004179804536819458,0.020920406827926636,0.016740602291107177,0.004179804536819458,24,24,1771676577,,True,25,fn_5801afce,2026-02-21_13-22-57,68.27333569526672,1664.8737857341766,2045604,compute4,130.149.110.149,1664.8737857341766,25,0.00017087789985986536,64,4,8,2,128,mean_pooling,0.0,0.1,False,120,40,1e-05,128,256,256,1.0,False,5e-06,0,cuda,/mnt/data/zaid/projects/simulated_data/step1.h5,/mnt/data/zaid/projects/simulated_data/validation.h5,1,6,6,5801afce
0.00544675139274118,0.003466122377003673,0.0019806290216319547,0.01446538979935646,0.011946684397697449,0.002518705401659012,0.009780204520881176,0.007593523327827454,0.0021866811930537225,79,99,1771682401,,True,100,fn_4ab49286,2026-02-21_15-00-01,65.40062499046326,6615.4774050712585,2050600,compute4,130.149.110.149,6615.4774050712585,100,0.00027539608532139314,64,4,8,6,128,mean_pooling,0.0,0.1,False,120,40,1e-05,128,256,256,1.0,False,5e-06,0,cuda,/mnt/data/zaid/projects/simulated_data/step1.h5,/mnt/data/zaid/projects/simulated_data/validation.h5,1,6,6,4ab49286
0.004088269629150252,0.002378813170863292,0.001709456461970989,0.010010380429625512,0.007910337235689163,0.002100043193936348,0.008665680523514747,0.006882424739360809,0.0017832557841539383,114,119,1771685256,,True,120,fn_02a36403,2026-02-21_15-47-36,71.72269129753113,8671.921608924866,2055182,compute4,130.149.110.149,8671.921608924866,120,0.00020174263509544496,256,4,4,4,128,mean_pooling,0.0,0.1,False,120,40,1e-05,128,256,256,1.0,False,5e-06,0,cuda,/mnt/data/zaid/projects/simulated_data/step1.h5,/mnt/data/zaid/projects/simulated_data/validation.h5,1,6,6,02a36403
0.005260647778528966,0.0032996016663581697,0.0019610461025923206,0.012152166745185851,0.009085358454704285,0.0030668082904815675,0.009941129657268524,0.007896721475601196,0.002044408181667328,85,99,1771686907,,True,100,fn_00586b92,2026-02-21_16-15-07,65.34516930580139,6648.807847976685,2077721,compute4,130.149.110.149,6648.807847976685,100,0.00037350718931351677,128,4,8,6,128,cls_token,0.0,0.1,False,120,40,1e-05,128,256,256,1.0,False,5e-06,0,cuda,/mnt/data/zaid/projects/simulated_data/step1.h5,/mnt/data/zaid/projects/simulated_data/validation.h5,1,6,6,00586b92
0.004089335790139776,0.002507161341690093,0.0015821744484496834,0.009367142372369765,0.007531842219591141,0.0018353001527786255,0.008326128430962563,0.006607966795444489,0.001718161635518074,116,119,1771690336,,True,120,fn_f1021b8b,2026-02-21_17-12-16,63.802608013153076,7928.287400007248,2091443,compute4,130.149.110.149,7928.287400007248,120,0.000989469542317836,64,4,8,6,64,mean_pooling,0.0,0.1,False,120,40,1e-05,128,256,256,1.0,False,5e-06,0,cuda,/mnt/data/zaid/projects/simulated_data/step1.h5,/mnt/data/zaid/projects/simulated_data/validation.h5,1,6,6,f1021b8b
0.004110472483112465,0.002554190871187875,0.0015562815935044442,0.013380472805023193,0.011449408181667328,0.0019310646233558655,0.008883007749259472,0.007060778516054154,0.0018222292332053184,113,119,1771693092,,True,120,fn_6e610138,2026-02-21_17-58-12,64.37774395942688,7830.126385688782,2111088,compute4,130.149.110.149,7830.126385688782,120,0.0013916710197409727,64,4,8,6,64,mean_pooling,0.0,0.1,False,120,40,1e-05,128,256,256,1.0,False,5e-06,0,cuda,/mnt/data/zaid/projects/simulated_data/step1.h5,/mnt/data/zaid/projects/simulated_data/validation.h5,1,6,6,6e610138
0.003902240897988594,0.0024206267943888715,0.0014816141043365284,0.010124907358586788,0.007754930494308472,0.0023699768642783167,0.008942978900253773,0.006909336148023605,0.0020336427522301675,90,119,1771694862,,True,120,fn_96c3f31c,2026-02-21_18-27-42,65.99005270004272,7948.709206342697,2122592,compute4,130.149.110.149,7948.709206342697,120,0.0011366373321425943,64,4,8,6,64,mean_pooling,0.0,0.1,False,120,40,1e-05,128,256,256,1.0,False,5e-06,0,cuda,/mnt/data/zaid/projects/simulated_data/step1.h5,/mnt/data/zaid/projects/simulated_data/validation.h5,1,6,6,96c3f31c
0.0073198822939980635,0.004811483435332775,0.00250839885129723,0.013525032094478607,0.011005005450248719,0.002520026644229889,0.012731591611623764,0.010166481005191803,0.002565110606431961,47,49,1771693607,,True,50,fn_48235967,2026-02-21_18-06-47,63.59409761428833,3265.001874446869,2145236,compute4,130.149.110.149,3265.001874446869,50,0.0012970998584208332,64,1,8,6,64,mean_pooling,0.0,0.1,False,120,40,1e-05,128,256,256,1.0,False,5e-06,0,cuda,/mnt/data/zaid/projects/simulated_data/step1.h5,/mnt/data/zaid/projects/simulated_data/validation.h5,1,6,6,48235967
0.005049855931650234,0.0031988231724576106,0.0018510327849808278,0.011410090747237206,0.009386241266012191,0.0020238494812250137,0.008619230689108371,0.0067887301924228665,0.0018305004966855049,109,119,1771700958,,True,120,fn_df3f0f8a,2026-02-21_20-09-18,65.09513926506042,7858.273171663284,2160928,compute4,130.149.110.149,7858.273171663284,120,0.0009860584889202046,64,4,8,6,64,mean_pooling,0.0,0.1,False,120,40,1e-05,128,256,256,1.0,False,5e-06,0,cuda,/mnt/data/zaid/projects/simulated_data/step1.h5,/mnt/data/zaid/projects/simulated_data/validation.h5,1,6,6,df3f0f8a
0.005389287964664871,0.003577026750750934,0.0018122612109667138,0.012881587980508804,0.009895317791938781,0.0029862701885700225,0.009422662924647331,0.0075257006220817565,0.0018969623025655747,79,99,1771700273,,True,100,fn_7b9a92be,2026-02-21_19-57-53,65.03324007987976,6659.997388839722,2163921,compute4,130.149.110.149,6659.997388839722,100,0.0008165533362499872,64,4,8,6,64,mean_pooling,0.0,0.1,False,120,40,1e-05,128,256,256,1.0,False,5e-06,0,cuda,/mnt/data/zaid/projects/simulated_data/step1.h5,/mnt/data/zaid/projects/simulated_data/validation.h5,1,6,6,7b9a92be
0.004261378101603706,0.002606106205855178,0.0016552719185895085,0.011358275243163109,0.009395591192245483,0.0019626840509176253,0.00888440899693966,0.007021062191486359,0.0018633468054533005,65,105,1771701860,,False,106,fn_24440157,2026-02-21_20-24-20,65.78148984909058,6990.905742645264,2171055,compute4,130.149.110.149,6990.905742645264,106,0.0014957091142230217,64,4,8,6,64,mean_pooling,0.0,0.1,False,120,40,1e-05,128,256,256,1.0,False,5e-06,0,cuda,/mnt/data/zaid/projects/simulated_data/step1.h5,/mnt/data/zaid/projects/simulated_data/validation.h5,1,6,6,24440157
0.005724492606624395,0.0036125252807300678,0.002111967303790152,0.011754360291004181,0.008779522982120513,0.002974837308883667,0.010178774549484253,0.007971152262687683,0.00220762228679657,92,99,1771706774,,True,100,fn_86889e0d,2026-02-21_21-46-14,63.33206558227539,6494.48282289505,2202406,compute4,130.149.110.149,6494.48282289505,100,0.0006414698690459041,64,2,8,8,64,mean_pooling,0.0,0.1,False,120,40,1e-05,128,256,256,1.0,False,5e-06,0,cuda,/mnt/data/zaid/projects/simulated_data/step1.h5,/mnt/data/zaid/projects/simulated_data/validation.h5,1,6,6,86889e0d
0.006982561589890643,0.00465506383901627,0.002327497777399383,0.011405857174158096,0.00913404602909088,0.002271811145067215,0.011405857174158096,0.00913404602909088,0.002271811145067215,49,49,1771704230,,True,50,fn_be30f670,2026-02-21_21-03-50,66.9535973072052,3266.255378484726,2206403,compute4,130.149.110.149,3266.255378484726,50,0.0007233507729292422,64,3,2,6,64,mean_pooling,0.0,0.1,False,120,40,1e-05,128,256,256,1.0,False,5e-06,0,cuda,/mnt/data/zaid/projects/simulated_data/step1.h5,/mnt/data/zaid/projects/simulated_data/validation.h5,1,6,6,be30f670
0.005403583262210028,0.0034552279217286578,0.0019483553301660886,0.010957279831886291,0.008539521044254303,0.0024177587876319886,0.00894131207883358,0.006916419699192047,0.002024892379641533,107,119,1771709348,,True,120,fn_b3d791a0,2026-02-21_22-29-08,59.52244687080383,7480.825973749161,2211537,compute4,130.149.110.149,7480.825973749161,120,0.0010775714955173538,64,4,8,4,64,mean_pooling,0.0,0.1,False,120,40,1e-05,128,256,256,1.0,False,5e-06,0,cuda,/mnt/data/zaid/projects/simulated_data/step1.h5,/mnt/data/zaid/projects/simulated_data/validation.h5,1,6,6,b3d791a0
